,api,knowledge_type,cleaned_post
0,ByteArray,functionality,"Currently to fix the errors that I get, and meanwhile, keep using Kotlin 1.4.21, I just removed the @Parcelize annotation from any class with a generic type usage like the one in the question, and just implemented the Parcelable with the old way like the following:

"
1,ByteArray,functionality,"Your problem in the keyword suspend in methods insert and delete. After remove your errors is gone.

Btw your build still cant be successful. For fix other errors you should add 'kotlin-android-extensions' on block plugins in you app build.gradle file.

But this solution is deprecated and you should use viewBinding instead. Check this out. https://developer.android.com/topic/libraries/view-binding/migration
"
2,ByteArray,functionality,"you can check official document decomposer and navigation in KMM compose. I also did it while I had some technical errors on my photography site, Hale Production Studio, and wanted to fix them.
"
3,ByteArray,functionality,"The left side of Validated requires a Semigroup to collect all errors; the right side of your Validated requires a product (since Group(a, b) is a product type); and the accumulation of errors within a specific person requires a sequence (or traverse with identity function) to collect all errors for a given person, so the following should work:

I think in an upcoming release of Arrow the calls to fix() will be minimized or eliminated, so hopefully .fix().map { it.fix() } can be removed soon.
"
4,ByteArray,functionality,"Kotlin version 1.4.10 magically stopped working in the IDE.
The problems are not related to the IDE version but rather to the integration of the kotlin plugin and the IDE.

Then Sync Project and Compile.
Finally you can see that the problem of Analyzing disappears and the IDE becomes intelligent again.

It is possible that after updating kotlin you have minimal errors in other libraries so you also have to update or fix them (I happened with Room)
GL
"
5,ByteArray,functionality,"if you work on flutter project ,you just need to update flutter sdk run that command in terminal:

After updating , new flutter version  will fix that errors automatically.
"
6,ByteArray,functionality,"You got that error because the Kotlin code has some syntax errors. Here is the right one.

"
7,ByteArray,functionality,"You have some typo errors, usually can be fixed by reading the errors.
Here is the solution of those errors:

"
8,ByteArray,functionality,"I have lots errors with last version of kotlin (1.5.0).
So revert to compose 1.4.8(kotlinCompilerExtensionVersion) and  kotlin 1.8.22 (org.jetbrains.kotlin.android)
"
9,ByteArray,functionality,"I solved my problem (it seems so.. check the edit!!). I ended up with the following function:

And then I call buildConfigField as follow:

There are no errors anymore on this part.
Edit
Once I have fixed all errors in the build.gradle.kts, the build of my project return that the file keys.properties could not be found: I had to fix my function getApiKey. Finally I could build and run my project with the following implementation:

This function is far to be good with all its hardcoded stuff but it allows to build my project.
"
10,ByteArray,concept,"Currently to fix the errors that I get, and meanwhile, keep using Kotlin 1.4.21, I just removed the @Parcelize annotation from any class with a generic type usage like the one in the question, and just implemented the Parcelable with the old way like the following:

"
11,ByteArray,concept,"Your problem in the keyword suspend in methods insert and delete. After remove your errors is gone.

Btw your build still cant be successful. For fix other errors you should add 'kotlin-android-extensions' on block plugins in you app build.gradle file.

But this solution is deprecated and you should use viewBinding instead. Check this out. https://developer.android.com/topic/libraries/view-binding/migration
"
12,ByteArray,concept,"you can check official document decomposer and navigation in KMM compose. I also did it while I had some technical errors on my photography site, Hale Production Studio, and wanted to fix them.
"
13,ByteArray,concept,"The left side of Validated requires a Semigroup to collect all errors; the right side of your Validated requires a product (since Group(a, b) is a product type); and the accumulation of errors within a specific person requires a sequence (or traverse with identity function) to collect all errors for a given person, so the following should work:

I think in an upcoming release of Arrow the calls to fix() will be minimized or eliminated, so hopefully .fix().map { it.fix() } can be removed soon.
"
14,ByteArray,concept,"Kotlin version 1.4.10 magically stopped working in the IDE.
The problems are not related to the IDE version but rather to the integration of the kotlin plugin and the IDE.

Then Sync Project and Compile.
Finally you can see that the problem of Analyzing disappears and the IDE becomes intelligent again.

It is possible that after updating kotlin you have minimal errors in other libraries so you also have to update or fix them (I happened with Room)
GL
"
15,ByteArray,concept,"if you work on flutter project ,you just need to update flutter sdk run that command in terminal:

After updating , new flutter version  will fix that errors automatically.
"
16,ByteArray,concept,"You got that error because the Kotlin code has some syntax errors. Here is the right one.

"
17,ByteArray,concept,"You have some typo errors, usually can be fixed by reading the errors.
Here is the solution of those errors:

"
18,ByteArray,concept,"I have lots errors with last version of kotlin (1.5.0).
So revert to compose 1.4.8(kotlinCompilerExtensionVersion) and  kotlin 1.8.22 (org.jetbrains.kotlin.android)
"
19,ByteArray,concept,"I solved my problem (it seems so.. check the edit!!). I ended up with the following function:

And then I call buildConfigField as follow:

There are no errors anymore on this part.
Edit
Once I have fixed all errors in the build.gradle.kts, the build of my project return that the file keys.properties could not be found: I had to fix my function getApiKey. Finally I could build and run my project with the following implementation:

This function is far to be good with all its hardcoded stuff but it allows to build my project.
"
20,ByteArray,performance,"Currently to fix the errors that I get, and meanwhile, keep using Kotlin 1.4.21, I just removed the @Parcelize annotation from any class with a generic type usage like the one in the question, and just implemented the Parcelable with the old way like the following:

"
21,ByteArray,performance,"Your problem in the keyword suspend in methods insert and delete. After remove your errors is gone.

Btw your build still cant be successful. For fix other errors you should add 'kotlin-android-extensions' on block plugins in you app build.gradle file.

But this solution is deprecated and you should use viewBinding instead. Check this out. https://developer.android.com/topic/libraries/view-binding/migration
"
22,ByteArray,performance,"you can check official document decomposer and navigation in KMM compose. I also did it while I had some technical errors on my photography site, Hale Production Studio, and wanted to fix them.
"
23,ByteArray,performance,"The left side of Validated requires a Semigroup to collect all errors; the right side of your Validated requires a product (since Group(a, b) is a product type); and the accumulation of errors within a specific person requires a sequence (or traverse with identity function) to collect all errors for a given person, so the following should work:

I think in an upcoming release of Arrow the calls to fix() will be minimized or eliminated, so hopefully .fix().map { it.fix() } can be removed soon.
"
24,ByteArray,performance,"Kotlin version 1.4.10 magically stopped working in the IDE.
The problems are not related to the IDE version but rather to the integration of the kotlin plugin and the IDE.

Then Sync Project and Compile.
Finally you can see that the problem of Analyzing disappears and the IDE becomes intelligent again.

It is possible that after updating kotlin you have minimal errors in other libraries so you also have to update or fix them (I happened with Room)
GL
"
25,ByteArray,performance,"if you work on flutter project ,you just need to update flutter sdk run that command in terminal:

After updating , new flutter version  will fix that errors automatically.
"
26,ByteArray,performance,"You got that error because the Kotlin code has some syntax errors. Here is the right one.

"
27,ByteArray,performance,"You have some typo errors, usually can be fixed by reading the errors.
Here is the solution of those errors:

"
28,ByteArray,performance,"I have lots errors with last version of kotlin (1.5.0).
So revert to compose 1.4.8(kotlinCompilerExtensionVersion) and  kotlin 1.8.22 (org.jetbrains.kotlin.android)
"
29,ByteArray,performance,"I solved my problem (it seems so.. check the edit!!). I ended up with the following function:

And then I call buildConfigField as follow:

There are no errors anymore on this part.
Edit
Once I have fixed all errors in the build.gradle.kts, the build of my project return that the file keys.properties could not be found: I had to fix my function getApiKey. Finally I could build and run my project with the following implementation:

This function is far to be good with all its hardcoded stuff but it allows to build my project.
"
30,ByteArray,directive,"Currently to fix the errors that I get, and meanwhile, keep using Kotlin 1.4.21, I just removed the @Parcelize annotation from any class with a generic type usage like the one in the question, and just implemented the Parcelable with the old way like the following:

"
31,ByteArray,directive,"Your problem in the keyword suspend in methods insert and delete. After remove your errors is gone.

Btw your build still cant be successful. For fix other errors you should add 'kotlin-android-extensions' on block plugins in you app build.gradle file.

But this solution is deprecated and you should use viewBinding instead. Check this out. https://developer.android.com/topic/libraries/view-binding/migration
"
32,ByteArray,directive,"you can check official document decomposer and navigation in KMM compose. I also did it while I had some technical errors on my photography site, Hale Production Studio, and wanted to fix them.
"
33,ByteArray,directive,"The left side of Validated requires a Semigroup to collect all errors; the right side of your Validated requires a product (since Group(a, b) is a product type); and the accumulation of errors within a specific person requires a sequence (or traverse with identity function) to collect all errors for a given person, so the following should work:

I think in an upcoming release of Arrow the calls to fix() will be minimized or eliminated, so hopefully .fix().map { it.fix() } can be removed soon.
"
34,ByteArray,directive,"Kotlin version 1.4.10 magically stopped working in the IDE.
The problems are not related to the IDE version but rather to the integration of the kotlin plugin and the IDE.

Then Sync Project and Compile.
Finally you can see that the problem of Analyzing disappears and the IDE becomes intelligent again.

It is possible that after updating kotlin you have minimal errors in other libraries so you also have to update or fix them (I happened with Room)
GL
"
35,ByteArray,directive,"if you work on flutter project ,you just need to update flutter sdk run that command in terminal:

After updating , new flutter version  will fix that errors automatically.
"
36,ByteArray,directive,"You got that error because the Kotlin code has some syntax errors. Here is the right one.

"
37,ByteArray,directive,"You have some typo errors, usually can be fixed by reading the errors.
Here is the solution of those errors:

"
38,ByteArray,directive,"I have lots errors with last version of kotlin (1.5.0).
So revert to compose 1.4.8(kotlinCompilerExtensionVersion) and  kotlin 1.8.22 (org.jetbrains.kotlin.android)
"
39,ByteArray,directive,"I solved my problem (it seems so.. check the edit!!). I ended up with the following function:

And then I call buildConfigField as follow:

There are no errors anymore on this part.
Edit
Once I have fixed all errors in the build.gradle.kts, the build of my project return that the file keys.properties could not be found: I had to fix my function getApiKey. Finally I could build and run my project with the following implementation:

This function is far to be good with all its hardcoded stuff but it allows to build my project.
"
40,ByteArray,pattern,"Currently to fix the errors that I get, and meanwhile, keep using Kotlin 1.4.21, I just removed the @Parcelize annotation from any class with a generic type usage like the one in the question, and just implemented the Parcelable with the old way like the following:

"
41,ByteArray,pattern,"Your problem in the keyword suspend in methods insert and delete. After remove your errors is gone.

Btw your build still cant be successful. For fix other errors you should add 'kotlin-android-extensions' on block plugins in you app build.gradle file.

But this solution is deprecated and you should use viewBinding instead. Check this out. https://developer.android.com/topic/libraries/view-binding/migration
"
42,ByteArray,pattern,"you can check official document decomposer and navigation in KMM compose. I also did it while I had some technical errors on my photography site, Hale Production Studio, and wanted to fix them.
"
43,ByteArray,pattern,"The left side of Validated requires a Semigroup to collect all errors; the right side of your Validated requires a product (since Group(a, b) is a product type); and the accumulation of errors within a specific person requires a sequence (or traverse with identity function) to collect all errors for a given person, so the following should work:

I think in an upcoming release of Arrow the calls to fix() will be minimized or eliminated, so hopefully .fix().map { it.fix() } can be removed soon.
"
44,ByteArray,pattern,"Kotlin version 1.4.10 magically stopped working in the IDE.
The problems are not related to the IDE version but rather to the integration of the kotlin plugin and the IDE.

Then Sync Project and Compile.
Finally you can see that the problem of Analyzing disappears and the IDE becomes intelligent again.

It is possible that after updating kotlin you have minimal errors in other libraries so you also have to update or fix them (I happened with Room)
GL
"
45,ByteArray,pattern,"if you work on flutter project ,you just need to update flutter sdk run that command in terminal:

After updating , new flutter version  will fix that errors automatically.
"
46,ByteArray,pattern,"You got that error because the Kotlin code has some syntax errors. Here is the right one.

"
47,ByteArray,pattern,"You have some typo errors, usually can be fixed by reading the errors.
Here is the solution of those errors:

"
48,ByteArray,pattern,"I have lots errors with last version of kotlin (1.5.0).
So revert to compose 1.4.8(kotlinCompilerExtensionVersion) and  kotlin 1.8.22 (org.jetbrains.kotlin.android)
"
49,ByteArray,pattern,"I solved my problem (it seems so.. check the edit!!). I ended up with the following function:

And then I call buildConfigField as follow:

There are no errors anymore on this part.
Edit
Once I have fixed all errors in the build.gradle.kts, the build of my project return that the file keys.properties could not be found: I had to fix my function getApiKey. Finally I could build and run my project with the following implementation:

This function is far to be good with all its hardcoded stuff but it allows to build my project.
"
50,ByteArray,environment,"Currently to fix the errors that I get, and meanwhile, keep using Kotlin 1.4.21, I just removed the @Parcelize annotation from any class with a generic type usage like the one in the question, and just implemented the Parcelable with the old way like the following:

"
51,ByteArray,environment,"Your problem in the keyword suspend in methods insert and delete. After remove your errors is gone.

Btw your build still cant be successful. For fix other errors you should add 'kotlin-android-extensions' on block plugins in you app build.gradle file.

But this solution is deprecated and you should use viewBinding instead. Check this out. https://developer.android.com/topic/libraries/view-binding/migration
"
52,ByteArray,environment,"you can check official document decomposer and navigation in KMM compose. I also did it while I had some technical errors on my photography site, Hale Production Studio, and wanted to fix them.
"
53,ByteArray,environment,"The left side of Validated requires a Semigroup to collect all errors; the right side of your Validated requires a product (since Group(a, b) is a product type); and the accumulation of errors within a specific person requires a sequence (or traverse with identity function) to collect all errors for a given person, so the following should work:

I think in an upcoming release of Arrow the calls to fix() will be minimized or eliminated, so hopefully .fix().map { it.fix() } can be removed soon.
"
54,ByteArray,environment,"Kotlin version 1.4.10 magically stopped working in the IDE.
The problems are not related to the IDE version but rather to the integration of the kotlin plugin and the IDE.

Then Sync Project and Compile.
Finally you can see that the problem of Analyzing disappears and the IDE becomes intelligent again.

It is possible that after updating kotlin you have minimal errors in other libraries so you also have to update or fix them (I happened with Room)
GL
"
55,ByteArray,environment,"if you work on flutter project ,you just need to update flutter sdk run that command in terminal:

After updating , new flutter version  will fix that errors automatically.
"
56,ByteArray,environment,"You got that error because the Kotlin code has some syntax errors. Here is the right one.

"
57,ByteArray,environment,"You have some typo errors, usually can be fixed by reading the errors.
Here is the solution of those errors:

"
58,ByteArray,environment,"I have lots errors with last version of kotlin (1.5.0).
So revert to compose 1.4.8(kotlinCompilerExtensionVersion) and  kotlin 1.8.22 (org.jetbrains.kotlin.android)
"
59,ByteArray,environment,"I solved my problem (it seems so.. check the edit!!). I ended up with the following function:

And then I call buildConfigField as follow:

There are no errors anymore on this part.
Edit
Once I have fixed all errors in the build.gradle.kts, the build of my project return that the file keys.properties could not be found: I had to fix my function getApiKey. Finally I could build and run my project with the following implementation:

This function is far to be good with all its hardcoded stuff but it allows to build my project.
"
60,ByteArray,alternative,"Currently to fix the errors that I get, and meanwhile, keep using Kotlin 1.4.21, I just removed the @Parcelize annotation from any class with a generic type usage like the one in the question, and just implemented the Parcelable with the old way like the following:

"
61,ByteArray,alternative,"Your problem in the keyword suspend in methods insert and delete. After remove your errors is gone.

Btw your build still cant be successful. For fix other errors you should add 'kotlin-android-extensions' on block plugins in you app build.gradle file.

But this solution is deprecated and you should use viewBinding instead. Check this out. https://developer.android.com/topic/libraries/view-binding/migration
"
62,ByteArray,alternative,"you can check official document decomposer and navigation in KMM compose. I also did it while I had some technical errors on my photography site, Hale Production Studio, and wanted to fix them.
"
63,ByteArray,alternative,"The left side of Validated requires a Semigroup to collect all errors; the right side of your Validated requires a product (since Group(a, b) is a product type); and the accumulation of errors within a specific person requires a sequence (or traverse with identity function) to collect all errors for a given person, so the following should work:

I think in an upcoming release of Arrow the calls to fix() will be minimized or eliminated, so hopefully .fix().map { it.fix() } can be removed soon.
"
64,ByteArray,alternative,"Kotlin version 1.4.10 magically stopped working in the IDE.
The problems are not related to the IDE version but rather to the integration of the kotlin plugin and the IDE.

Then Sync Project and Compile.
Finally you can see that the problem of Analyzing disappears and the IDE becomes intelligent again.

It is possible that after updating kotlin you have minimal errors in other libraries so you also have to update or fix them (I happened with Room)
GL
"
65,ByteArray,alternative,"if you work on flutter project ,you just need to update flutter sdk run that command in terminal:

After updating , new flutter version  will fix that errors automatically.
"
66,ByteArray,alternative,"You got that error because the Kotlin code has some syntax errors. Here is the right one.

"
67,ByteArray,alternative,"You have some typo errors, usually can be fixed by reading the errors.
Here is the solution of those errors:

"
68,ByteArray,alternative,"I have lots errors with last version of kotlin (1.5.0).
So revert to compose 1.4.8(kotlinCompilerExtensionVersion) and  kotlin 1.8.22 (org.jetbrains.kotlin.android)
"
69,ByteArray,alternative,"I solved my problem (it seems so.. check the edit!!). I ended up with the following function:

And then I call buildConfigField as follow:

There are no errors anymore on this part.
Edit
Once I have fixed all errors in the build.gradle.kts, the build of my project return that the file keys.properties could not be found: I had to fix my function getApiKey. Finally I could build and run my project with the following implementation:

This function is far to be good with all its hardcoded stuff but it allows to build my project.
"
70,BigDecimal,functionality,"Currently to fix the errors that I get, and meanwhile, keep using Kotlin 1.4.21, I just removed the @Parcelize annotation from any class with a generic type usage like the one in the question, and just implemented the Parcelable with the old way like the following:

"
71,BigDecimal,functionality,"Your problem in the keyword suspend in methods insert and delete. After remove your errors is gone.

Btw your build still cant be successful. For fix other errors you should add 'kotlin-android-extensions' on block plugins in you app build.gradle file.

But this solution is deprecated and you should use viewBinding instead. Check this out. https://developer.android.com/topic/libraries/view-binding/migration
"
72,BigDecimal,functionality,"you can check official document decomposer and navigation in KMM compose. I also did it while I had some technical errors on my photography site, Hale Production Studio, and wanted to fix them.
"
73,BigDecimal,functionality,"The left side of Validated requires a Semigroup to collect all errors; the right side of your Validated requires a product (since Group(a, b) is a product type); and the accumulation of errors within a specific person requires a sequence (or traverse with identity function) to collect all errors for a given person, so the following should work:

I think in an upcoming release of Arrow the calls to fix() will be minimized or eliminated, so hopefully .fix().map { it.fix() } can be removed soon.
"
74,BigDecimal,functionality,"Kotlin version 1.4.10 magically stopped working in the IDE.
The problems are not related to the IDE version but rather to the integration of the kotlin plugin and the IDE.

Then Sync Project and Compile.
Finally you can see that the problem of Analyzing disappears and the IDE becomes intelligent again.

It is possible that after updating kotlin you have minimal errors in other libraries so you also have to update or fix them (I happened with Room)
GL
"
75,BigDecimal,functionality,"if you work on flutter project ,you just need to update flutter sdk run that command in terminal:

After updating , new flutter version  will fix that errors automatically.
"
76,BigDecimal,functionality,"You got that error because the Kotlin code has some syntax errors. Here is the right one.

"
77,BigDecimal,functionality,"You have some typo errors, usually can be fixed by reading the errors.
Here is the solution of those errors:

"
78,BigDecimal,functionality,"I have lots errors with last version of kotlin (1.5.0).
So revert to compose 1.4.8(kotlinCompilerExtensionVersion) and  kotlin 1.8.22 (org.jetbrains.kotlin.android)
"
79,BigDecimal,functionality,"I solved my problem (it seems so.. check the edit!!). I ended up with the following function:

And then I call buildConfigField as follow:

There are no errors anymore on this part.
Edit
Once I have fixed all errors in the build.gradle.kts, the build of my project return that the file keys.properties could not be found: I had to fix my function getApiKey. Finally I could build and run my project with the following implementation:

This function is far to be good with all its hardcoded stuff but it allows to build my project.
"
80,BigDecimal,concept,"Currently to fix the errors that I get, and meanwhile, keep using Kotlin 1.4.21, I just removed the @Parcelize annotation from any class with a generic type usage like the one in the question, and just implemented the Parcelable with the old way like the following:

"
81,BigDecimal,concept,"Your problem in the keyword suspend in methods insert and delete. After remove your errors is gone.

Btw your build still cant be successful. For fix other errors you should add 'kotlin-android-extensions' on block plugins in you app build.gradle file.

But this solution is deprecated and you should use viewBinding instead. Check this out. https://developer.android.com/topic/libraries/view-binding/migration
"
82,BigDecimal,concept,"you can check official document decomposer and navigation in KMM compose. I also did it while I had some technical errors on my photography site, Hale Production Studio, and wanted to fix them.
"
83,BigDecimal,concept,"The left side of Validated requires a Semigroup to collect all errors; the right side of your Validated requires a product (since Group(a, b) is a product type); and the accumulation of errors within a specific person requires a sequence (or traverse with identity function) to collect all errors for a given person, so the following should work:

I think in an upcoming release of Arrow the calls to fix() will be minimized or eliminated, so hopefully .fix().map { it.fix() } can be removed soon.
"
84,BigDecimal,concept,"Kotlin version 1.4.10 magically stopped working in the IDE.
The problems are not related to the IDE version but rather to the integration of the kotlin plugin and the IDE.

Then Sync Project and Compile.
Finally you can see that the problem of Analyzing disappears and the IDE becomes intelligent again.

It is possible that after updating kotlin you have minimal errors in other libraries so you also have to update or fix them (I happened with Room)
GL
"
85,BigDecimal,concept,"if you work on flutter project ,you just need to update flutter sdk run that command in terminal:

After updating , new flutter version  will fix that errors automatically.
"
86,BigDecimal,concept,"You got that error because the Kotlin code has some syntax errors. Here is the right one.

"
87,BigDecimal,concept,"You have some typo errors, usually can be fixed by reading the errors.
Here is the solution of those errors:

"
88,BigDecimal,concept,"I have lots errors with last version of kotlin (1.5.0).
So revert to compose 1.4.8(kotlinCompilerExtensionVersion) and  kotlin 1.8.22 (org.jetbrains.kotlin.android)
"
89,BigDecimal,concept,"I solved my problem (it seems so.. check the edit!!). I ended up with the following function:

And then I call buildConfigField as follow:

There are no errors anymore on this part.
Edit
Once I have fixed all errors in the build.gradle.kts, the build of my project return that the file keys.properties could not be found: I had to fix my function getApiKey. Finally I could build and run my project with the following implementation:

This function is far to be good with all its hardcoded stuff but it allows to build my project.
"
90,BigDecimal,performance,"Currently to fix the errors that I get, and meanwhile, keep using Kotlin 1.4.21, I just removed the @Parcelize annotation from any class with a generic type usage like the one in the question, and just implemented the Parcelable with the old way like the following:

"
91,BigDecimal,performance,"Your problem in the keyword suspend in methods insert and delete. After remove your errors is gone.

Btw your build still cant be successful. For fix other errors you should add 'kotlin-android-extensions' on block plugins in you app build.gradle file.

But this solution is deprecated and you should use viewBinding instead. Check this out. https://developer.android.com/topic/libraries/view-binding/migration
"
92,BigDecimal,performance,"you can check official document decomposer and navigation in KMM compose. I also did it while I had some technical errors on my photography site, Hale Production Studio, and wanted to fix them.
"
93,BigDecimal,performance,"The left side of Validated requires a Semigroup to collect all errors; the right side of your Validated requires a product (since Group(a, b) is a product type); and the accumulation of errors within a specific person requires a sequence (or traverse with identity function) to collect all errors for a given person, so the following should work:

I think in an upcoming release of Arrow the calls to fix() will be minimized or eliminated, so hopefully .fix().map { it.fix() } can be removed soon.
"
94,BigDecimal,performance,"Kotlin version 1.4.10 magically stopped working in the IDE.
The problems are not related to the IDE version but rather to the integration of the kotlin plugin and the IDE.

Then Sync Project and Compile.
Finally you can see that the problem of Analyzing disappears and the IDE becomes intelligent again.

It is possible that after updating kotlin you have minimal errors in other libraries so you also have to update or fix them (I happened with Room)
GL
"
95,BigDecimal,performance,"if you work on flutter project ,you just need to update flutter sdk run that command in terminal:

After updating , new flutter version  will fix that errors automatically.
"
96,BigDecimal,performance,"You got that error because the Kotlin code has some syntax errors. Here is the right one.

"
97,BigDecimal,performance,"You have some typo errors, usually can be fixed by reading the errors.
Here is the solution of those errors:

"
98,BigDecimal,performance,"I have lots errors with last version of kotlin (1.5.0).
So revert to compose 1.4.8(kotlinCompilerExtensionVersion) and  kotlin 1.8.22 (org.jetbrains.kotlin.android)
"
99,BigDecimal,performance,"I solved my problem (it seems so.. check the edit!!). I ended up with the following function:

And then I call buildConfigField as follow:

There are no errors anymore on this part.
Edit
Once I have fixed all errors in the build.gradle.kts, the build of my project return that the file keys.properties could not be found: I had to fix my function getApiKey. Finally I could build and run my project with the following implementation:

This function is far to be good with all its hardcoded stuff but it allows to build my project.
"
100,BigDecimal,directive,"Currently to fix the errors that I get, and meanwhile, keep using Kotlin 1.4.21, I just removed the @Parcelize annotation from any class with a generic type usage like the one in the question, and just implemented the Parcelable with the old way like the following:

"
101,BigDecimal,directive,"Your problem in the keyword suspend in methods insert and delete. After remove your errors is gone.

Btw your build still cant be successful. For fix other errors you should add 'kotlin-android-extensions' on block plugins in you app build.gradle file.

But this solution is deprecated and you should use viewBinding instead. Check this out. https://developer.android.com/topic/libraries/view-binding/migration
"
102,BigDecimal,directive,"you can check official document decomposer and navigation in KMM compose. I also did it while I had some technical errors on my photography site, Hale Production Studio, and wanted to fix them.
"
103,BigDecimal,directive,"The left side of Validated requires a Semigroup to collect all errors; the right side of your Validated requires a product (since Group(a, b) is a product type); and the accumulation of errors within a specific person requires a sequence (or traverse with identity function) to collect all errors for a given person, so the following should work:

I think in an upcoming release of Arrow the calls to fix() will be minimized or eliminated, so hopefully .fix().map { it.fix() } can be removed soon.
"
104,BigDecimal,directive,"Kotlin version 1.4.10 magically stopped working in the IDE.
The problems are not related to the IDE version but rather to the integration of the kotlin plugin and the IDE.

Then Sync Project and Compile.
Finally you can see that the problem of Analyzing disappears and the IDE becomes intelligent again.

It is possible that after updating kotlin you have minimal errors in other libraries so you also have to update or fix them (I happened with Room)
GL
"
105,BigDecimal,directive,"if you work on flutter project ,you just need to update flutter sdk run that command in terminal:

After updating , new flutter version  will fix that errors automatically.
"
106,BigDecimal,directive,"You got that error because the Kotlin code has some syntax errors. Here is the right one.

"
107,BigDecimal,directive,"You have some typo errors, usually can be fixed by reading the errors.
Here is the solution of those errors:

"
108,BigDecimal,directive,"I have lots errors with last version of kotlin (1.5.0).
So revert to compose 1.4.8(kotlinCompilerExtensionVersion) and  kotlin 1.8.22 (org.jetbrains.kotlin.android)
"
109,BigDecimal,directive,"I solved my problem (it seems so.. check the edit!!). I ended up with the following function:

And then I call buildConfigField as follow:

There are no errors anymore on this part.
Edit
Once I have fixed all errors in the build.gradle.kts, the build of my project return that the file keys.properties could not be found: I had to fix my function getApiKey. Finally I could build and run my project with the following implementation:

This function is far to be good with all its hardcoded stuff but it allows to build my project.
"
110,BigDecimal,pattern,"Currently to fix the errors that I get, and meanwhile, keep using Kotlin 1.4.21, I just removed the @Parcelize annotation from any class with a generic type usage like the one in the question, and just implemented the Parcelable with the old way like the following:

"
111,BigDecimal,pattern,"Your problem in the keyword suspend in methods insert and delete. After remove your errors is gone.

Btw your build still cant be successful. For fix other errors you should add 'kotlin-android-extensions' on block plugins in you app build.gradle file.

But this solution is deprecated and you should use viewBinding instead. Check this out. https://developer.android.com/topic/libraries/view-binding/migration
"
112,BigDecimal,pattern,"you can check official document decomposer and navigation in KMM compose. I also did it while I had some technical errors on my photography site, Hale Production Studio, and wanted to fix them.
"
113,BigDecimal,pattern,"The left side of Validated requires a Semigroup to collect all errors; the right side of your Validated requires a product (since Group(a, b) is a product type); and the accumulation of errors within a specific person requires a sequence (or traverse with identity function) to collect all errors for a given person, so the following should work:

I think in an upcoming release of Arrow the calls to fix() will be minimized or eliminated, so hopefully .fix().map { it.fix() } can be removed soon.
"
114,BigDecimal,pattern,"Kotlin version 1.4.10 magically stopped working in the IDE.
The problems are not related to the IDE version but rather to the integration of the kotlin plugin and the IDE.

Then Sync Project and Compile.
Finally you can see that the problem of Analyzing disappears and the IDE becomes intelligent again.

It is possible that after updating kotlin you have minimal errors in other libraries so you also have to update or fix them (I happened with Room)
GL
"
115,BigDecimal,pattern,"if you work on flutter project ,you just need to update flutter sdk run that command in terminal:

After updating , new flutter version  will fix that errors automatically.
"
116,BigDecimal,pattern,"You got that error because the Kotlin code has some syntax errors. Here is the right one.

"
117,BigDecimal,pattern,"You have some typo errors, usually can be fixed by reading the errors.
Here is the solution of those errors:

"
118,BigDecimal,pattern,"I have lots errors with last version of kotlin (1.5.0).
So revert to compose 1.4.8(kotlinCompilerExtensionVersion) and  kotlin 1.8.22 (org.jetbrains.kotlin.android)
"
119,BigDecimal,pattern,"I solved my problem (it seems so.. check the edit!!). I ended up with the following function:

And then I call buildConfigField as follow:

There are no errors anymore on this part.
Edit
Once I have fixed all errors in the build.gradle.kts, the build of my project return that the file keys.properties could not be found: I had to fix my function getApiKey. Finally I could build and run my project with the following implementation:

This function is far to be good with all its hardcoded stuff but it allows to build my project.
"
120,BigDecimal,environment,"Currently to fix the errors that I get, and meanwhile, keep using Kotlin 1.4.21, I just removed the @Parcelize annotation from any class with a generic type usage like the one in the question, and just implemented the Parcelable with the old way like the following:

"
121,BigDecimal,environment,"Your problem in the keyword suspend in methods insert and delete. After remove your errors is gone.

Btw your build still cant be successful. For fix other errors you should add 'kotlin-android-extensions' on block plugins in you app build.gradle file.

But this solution is deprecated and you should use viewBinding instead. Check this out. https://developer.android.com/topic/libraries/view-binding/migration
"
122,BigDecimal,environment,"you can check official document decomposer and navigation in KMM compose. I also did it while I had some technical errors on my photography site, Hale Production Studio, and wanted to fix them.
"
123,BigDecimal,environment,"The left side of Validated requires a Semigroup to collect all errors; the right side of your Validated requires a product (since Group(a, b) is a product type); and the accumulation of errors within a specific person requires a sequence (or traverse with identity function) to collect all errors for a given person, so the following should work:

I think in an upcoming release of Arrow the calls to fix() will be minimized or eliminated, so hopefully .fix().map { it.fix() } can be removed soon.
"
124,BigDecimal,environment,"Kotlin version 1.4.10 magically stopped working in the IDE.
The problems are not related to the IDE version but rather to the integration of the kotlin plugin and the IDE.

Then Sync Project and Compile.
Finally you can see that the problem of Analyzing disappears and the IDE becomes intelligent again.

It is possible that after updating kotlin you have minimal errors in other libraries so you also have to update or fix them (I happened with Room)
GL
"
125,BigDecimal,environment,"if you work on flutter project ,you just need to update flutter sdk run that command in terminal:

After updating , new flutter version  will fix that errors automatically.
"
126,BigDecimal,environment,"You got that error because the Kotlin code has some syntax errors. Here is the right one.

"
127,BigDecimal,environment,"You have some typo errors, usually can be fixed by reading the errors.
Here is the solution of those errors:

"
128,BigDecimal,environment,"I have lots errors with last version of kotlin (1.5.0).
So revert to compose 1.4.8(kotlinCompilerExtensionVersion) and  kotlin 1.8.22 (org.jetbrains.kotlin.android)
"
129,BigDecimal,environment,"I solved my problem (it seems so.. check the edit!!). I ended up with the following function:

And then I call buildConfigField as follow:

There are no errors anymore on this part.
Edit
Once I have fixed all errors in the build.gradle.kts, the build of my project return that the file keys.properties could not be found: I had to fix my function getApiKey. Finally I could build and run my project with the following implementation:

This function is far to be good with all its hardcoded stuff but it allows to build my project.
"
130,BigDecimal,alternative,"Currently to fix the errors that I get, and meanwhile, keep using Kotlin 1.4.21, I just removed the @Parcelize annotation from any class with a generic type usage like the one in the question, and just implemented the Parcelable with the old way like the following:

"
131,BigDecimal,alternative,"Your problem in the keyword suspend in methods insert and delete. After remove your errors is gone.

Btw your build still cant be successful. For fix other errors you should add 'kotlin-android-extensions' on block plugins in you app build.gradle file.

But this solution is deprecated and you should use viewBinding instead. Check this out. https://developer.android.com/topic/libraries/view-binding/migration
"
132,BigDecimal,alternative,"you can check official document decomposer and navigation in KMM compose. I also did it while I had some technical errors on my photography site, Hale Production Studio, and wanted to fix them.
"
133,BigDecimal,alternative,"The left side of Validated requires a Semigroup to collect all errors; the right side of your Validated requires a product (since Group(a, b) is a product type); and the accumulation of errors within a specific person requires a sequence (or traverse with identity function) to collect all errors for a given person, so the following should work:

I think in an upcoming release of Arrow the calls to fix() will be minimized or eliminated, so hopefully .fix().map { it.fix() } can be removed soon.
"
134,BigDecimal,alternative,"Kotlin version 1.4.10 magically stopped working in the IDE.
The problems are not related to the IDE version but rather to the integration of the kotlin plugin and the IDE.

Then Sync Project and Compile.
Finally you can see that the problem of Analyzing disappears and the IDE becomes intelligent again.

It is possible that after updating kotlin you have minimal errors in other libraries so you also have to update or fix them (I happened with Room)
GL
"
135,BigDecimal,alternative,"if you work on flutter project ,you just need to update flutter sdk run that command in terminal:

After updating , new flutter version  will fix that errors automatically.
"
136,BigDecimal,alternative,"You got that error because the Kotlin code has some syntax errors. Here is the right one.

"
137,BigDecimal,alternative,"You have some typo errors, usually can be fixed by reading the errors.
Here is the solution of those errors:

"
138,BigDecimal,alternative,"I have lots errors with last version of kotlin (1.5.0).
So revert to compose 1.4.8(kotlinCompilerExtensionVersion) and  kotlin 1.8.22 (org.jetbrains.kotlin.android)
"
139,BigDecimal,alternative,"I solved my problem (it seems so.. check the edit!!). I ended up with the following function:

And then I call buildConfigField as follow:

There are no errors anymore on this part.
Edit
Once I have fixed all errors in the build.gradle.kts, the build of my project return that the file keys.properties could not be found: I had to fix my function getApiKey. Finally I could build and run my project with the following implementation:

This function is far to be good with all its hardcoded stuff but it allows to build my project.
"
140,Model,functionality,"You can't pass a Kotlin Mutable list to inputBuffer.loadArray()
It needs to be one Array. The quickest fix is to pass the images one by one in a loop. I also suggest you look into ImageProcessor to prepare your input, it will help you avoid further bugs. I don't know what the format of the image is and what the output is supposed to be but assuming it's a bitmap:

@RequiresApi(Build.VERSION_CODES.P)
fun getCount(interpreter:Interpreter): Int {


"
141,Model,functionality,"What worked for me was to specify batch size to the Input layer, like this:

This then carried through the rest of the layers.
The bad news is that despite this ""fix"" the tfl runtime still complains about dynamic tensors. I get these non-fatal errors in logcat when it runs:

The good news is that despite these errors it seems to be using the GPU anyway, based on performance testing.
I'm using:

Hopefully, they'll fix the runtime so it doesn't matter whether the batch size is 'None'. It shouldn't matter for doing inference.
"
142,Model,functionality,"2022 update of @Yustina Ivanova's answer:
Most people will encounter errors such as (one of the following):

The reason is compatibility with tf2. Assuming a keras backend, this would be the fix:

"
143,Model,functionality,"If you are targeting mobile, check the integration with “native” code. E.g. look for a java/kotlin library that can do the same on android. And a swift/objC one for iOS.
Then, you could wrap that functionality  in a platform-specific module.
"
144,Model,functionality,"Generally, that's indicative of the java or java-library plugin missing, or the kotlin equivalent. Do you have anything like that appearing in your gradle file?
If not, try adding the following block above your dependencies, selecting either the java or the kotlin line, depending on your development language.

Furthermore, given the latest information you've provided, the issue, I believe, comes from this line:

As far as I am aware, buildscript dependencies are only useful for gradle plugins, not code dependencies. Furthermore, inside the dependencies block under buildscript, you can only add the plugins to the classpath, which you'll then apply using apply.
However, getting back to the issue at hand, try the following changes to the file:

"
145,Model,functionality,"These are not error messages, but warnings about deprecated functionality in numpy, which is being used by tensorboard and tensorflow. Warnings are not errors, so do not worry about this.
The only way to ""fix"" the warnings is by waiting for tensorflow developers to modify the code in order to not use deprecated functionality.
"
146,Model,functionality,"placeholder errors are usually due to tensorflow versions. I had the exact same error and it was fixed when I installed keras first and then tensorflow first. Using anaconda might help as they cache all the files when you uninstall so it is easy to install again without having to download the entire thing again.
There might be some other fix, I believe, but this fixed mine.
"
147,Model,functionality,"Remove the ""experimental_steps_per_execution"" to see the true error message.
When you use experimental_steps_per_execution>1 a GPU loop is defined to optimize performance and not send back the data to the CPU, but this loop hides errors.
Fix the error first and then use experimental_steps_per_execution>1
Good luck ;D
"
148,Model,functionality,"The ""in converted code"" is used when autograph wraps errors that likely occur in user code. In this case, the following like is relevant:

The error message is missing some critical information and we should fix it, but it suggests a call to features.pop(name) raises KeyError, so likely that key is missing from features.
"
149,Model,functionality,"I have recreated the error caused because of possible ways and also have provided the fix. 
Have provided more comments in the code to be more clear about the error and fix. 
Note - I have used same code with little tweaks to recreate the possibility of cause of the errors and fix for the same.
The best fix code is present at the end of this answer.
Error Code 1 - Error with default session and using variable created in another graph

Output -

Error Code 2 - Error with graph session as default and using variable created in default graph

Output -

Error Code 3 - As suggested in Error Code 2 - output, to Pass an explicit session to eval(session=sess). Lets try this.

Output -

Fix 1 - Fix with default session and variable not assigned to any graph

Output - 

Fix 2 - The best fix is to cleanly separate the construction phase and the execution phase.

Output -

"
150,Model,concept,"You can't pass a Kotlin Mutable list to inputBuffer.loadArray()
It needs to be one Array. The quickest fix is to pass the images one by one in a loop. I also suggest you look into ImageProcessor to prepare your input, it will help you avoid further bugs. I don't know what the format of the image is and what the output is supposed to be but assuming it's a bitmap:

@RequiresApi(Build.VERSION_CODES.P)
fun getCount(interpreter:Interpreter): Int {


"
151,Model,concept,"What worked for me was to specify batch size to the Input layer, like this:

This then carried through the rest of the layers.
The bad news is that despite this ""fix"" the tfl runtime still complains about dynamic tensors. I get these non-fatal errors in logcat when it runs:

The good news is that despite these errors it seems to be using the GPU anyway, based on performance testing.
I'm using:

Hopefully, they'll fix the runtime so it doesn't matter whether the batch size is 'None'. It shouldn't matter for doing inference.
"
152,Model,concept,"2022 update of @Yustina Ivanova's answer:
Most people will encounter errors such as (one of the following):

The reason is compatibility with tf2. Assuming a keras backend, this would be the fix:

"
153,Model,concept,"If you are targeting mobile, check the integration with “native” code. E.g. look for a java/kotlin library that can do the same on android. And a swift/objC one for iOS.
Then, you could wrap that functionality  in a platform-specific module.
"
154,Model,concept,"Generally, that's indicative of the java or java-library plugin missing, or the kotlin equivalent. Do you have anything like that appearing in your gradle file?
If not, try adding the following block above your dependencies, selecting either the java or the kotlin line, depending on your development language.

Furthermore, given the latest information you've provided, the issue, I believe, comes from this line:

As far as I am aware, buildscript dependencies are only useful for gradle plugins, not code dependencies. Furthermore, inside the dependencies block under buildscript, you can only add the plugins to the classpath, which you'll then apply using apply.
However, getting back to the issue at hand, try the following changes to the file:

"
155,Model,concept,"These are not error messages, but warnings about deprecated functionality in numpy, which is being used by tensorboard and tensorflow. Warnings are not errors, so do not worry about this.
The only way to ""fix"" the warnings is by waiting for tensorflow developers to modify the code in order to not use deprecated functionality.
"
156,Model,concept,"placeholder errors are usually due to tensorflow versions. I had the exact same error and it was fixed when I installed keras first and then tensorflow first. Using anaconda might help as they cache all the files when you uninstall so it is easy to install again without having to download the entire thing again.
There might be some other fix, I believe, but this fixed mine.
"
157,Model,concept,"Remove the ""experimental_steps_per_execution"" to see the true error message.
When you use experimental_steps_per_execution>1 a GPU loop is defined to optimize performance and not send back the data to the CPU, but this loop hides errors.
Fix the error first and then use experimental_steps_per_execution>1
Good luck ;D
"
158,Model,concept,"The ""in converted code"" is used when autograph wraps errors that likely occur in user code. In this case, the following like is relevant:

The error message is missing some critical information and we should fix it, but it suggests a call to features.pop(name) raises KeyError, so likely that key is missing from features.
"
159,Model,concept,"I have recreated the error caused because of possible ways and also have provided the fix. 
Have provided more comments in the code to be more clear about the error and fix. 
Note - I have used same code with little tweaks to recreate the possibility of cause of the errors and fix for the same.
The best fix code is present at the end of this answer.
Error Code 1 - Error with default session and using variable created in another graph

Output -

Error Code 2 - Error with graph session as default and using variable created in default graph

Output -

Error Code 3 - As suggested in Error Code 2 - output, to Pass an explicit session to eval(session=sess). Lets try this.

Output -

Fix 1 - Fix with default session and variable not assigned to any graph

Output - 

Fix 2 - The best fix is to cleanly separate the construction phase and the execution phase.

Output -

"
160,Model,performance,"You can't pass a Kotlin Mutable list to inputBuffer.loadArray()
It needs to be one Array. The quickest fix is to pass the images one by one in a loop. I also suggest you look into ImageProcessor to prepare your input, it will help you avoid further bugs. I don't know what the format of the image is and what the output is supposed to be but assuming it's a bitmap:

@RequiresApi(Build.VERSION_CODES.P)
fun getCount(interpreter:Interpreter): Int {


"
161,Model,performance,"What worked for me was to specify batch size to the Input layer, like this:

This then carried through the rest of the layers.
The bad news is that despite this ""fix"" the tfl runtime still complains about dynamic tensors. I get these non-fatal errors in logcat when it runs:

The good news is that despite these errors it seems to be using the GPU anyway, based on performance testing.
I'm using:

Hopefully, they'll fix the runtime so it doesn't matter whether the batch size is 'None'. It shouldn't matter for doing inference.
"
162,Model,performance,"2022 update of @Yustina Ivanova's answer:
Most people will encounter errors such as (one of the following):

The reason is compatibility with tf2. Assuming a keras backend, this would be the fix:

"
163,Model,performance,"If you are targeting mobile, check the integration with “native” code. E.g. look for a java/kotlin library that can do the same on android. And a swift/objC one for iOS.
Then, you could wrap that functionality  in a platform-specific module.
"
164,Model,performance,"Generally, that's indicative of the java or java-library plugin missing, or the kotlin equivalent. Do you have anything like that appearing in your gradle file?
If not, try adding the following block above your dependencies, selecting either the java or the kotlin line, depending on your development language.

Furthermore, given the latest information you've provided, the issue, I believe, comes from this line:

As far as I am aware, buildscript dependencies are only useful for gradle plugins, not code dependencies. Furthermore, inside the dependencies block under buildscript, you can only add the plugins to the classpath, which you'll then apply using apply.
However, getting back to the issue at hand, try the following changes to the file:

"
165,Model,performance,"These are not error messages, but warnings about deprecated functionality in numpy, which is being used by tensorboard and tensorflow. Warnings are not errors, so do not worry about this.
The only way to ""fix"" the warnings is by waiting for tensorflow developers to modify the code in order to not use deprecated functionality.
"
166,Model,performance,"placeholder errors are usually due to tensorflow versions. I had the exact same error and it was fixed when I installed keras first and then tensorflow first. Using anaconda might help as they cache all the files when you uninstall so it is easy to install again without having to download the entire thing again.
There might be some other fix, I believe, but this fixed mine.
"
167,Model,performance,"Remove the ""experimental_steps_per_execution"" to see the true error message.
When you use experimental_steps_per_execution>1 a GPU loop is defined to optimize performance and not send back the data to the CPU, but this loop hides errors.
Fix the error first and then use experimental_steps_per_execution>1
Good luck ;D
"
168,Model,performance,"The ""in converted code"" is used when autograph wraps errors that likely occur in user code. In this case, the following like is relevant:

The error message is missing some critical information and we should fix it, but it suggests a call to features.pop(name) raises KeyError, so likely that key is missing from features.
"
169,Model,performance,"I have recreated the error caused because of possible ways and also have provided the fix. 
Have provided more comments in the code to be more clear about the error and fix. 
Note - I have used same code with little tweaks to recreate the possibility of cause of the errors and fix for the same.
The best fix code is present at the end of this answer.
Error Code 1 - Error with default session and using variable created in another graph

Output -

Error Code 2 - Error with graph session as default and using variable created in default graph

Output -

Error Code 3 - As suggested in Error Code 2 - output, to Pass an explicit session to eval(session=sess). Lets try this.

Output -

Fix 1 - Fix with default session and variable not assigned to any graph

Output - 

Fix 2 - The best fix is to cleanly separate the construction phase and the execution phase.

Output -

"
170,Model,directive,"You can't pass a Kotlin Mutable list to inputBuffer.loadArray()
It needs to be one Array. The quickest fix is to pass the images one by one in a loop. I also suggest you look into ImageProcessor to prepare your input, it will help you avoid further bugs. I don't know what the format of the image is and what the output is supposed to be but assuming it's a bitmap:

@RequiresApi(Build.VERSION_CODES.P)
fun getCount(interpreter:Interpreter): Int {


"
171,Model,directive,"What worked for me was to specify batch size to the Input layer, like this:

This then carried through the rest of the layers.
The bad news is that despite this ""fix"" the tfl runtime still complains about dynamic tensors. I get these non-fatal errors in logcat when it runs:

The good news is that despite these errors it seems to be using the GPU anyway, based on performance testing.
I'm using:

Hopefully, they'll fix the runtime so it doesn't matter whether the batch size is 'None'. It shouldn't matter for doing inference.
"
172,Model,directive,"2022 update of @Yustina Ivanova's answer:
Most people will encounter errors such as (one of the following):

The reason is compatibility with tf2. Assuming a keras backend, this would be the fix:

"
173,Model,directive,"If you are targeting mobile, check the integration with “native” code. E.g. look for a java/kotlin library that can do the same on android. And a swift/objC one for iOS.
Then, you could wrap that functionality  in a platform-specific module.
"
174,Model,directive,"Generally, that's indicative of the java or java-library plugin missing, or the kotlin equivalent. Do you have anything like that appearing in your gradle file?
If not, try adding the following block above your dependencies, selecting either the java or the kotlin line, depending on your development language.

Furthermore, given the latest information you've provided, the issue, I believe, comes from this line:

As far as I am aware, buildscript dependencies are only useful for gradle plugins, not code dependencies. Furthermore, inside the dependencies block under buildscript, you can only add the plugins to the classpath, which you'll then apply using apply.
However, getting back to the issue at hand, try the following changes to the file:

"
175,Model,directive,"These are not error messages, but warnings about deprecated functionality in numpy, which is being used by tensorboard and tensorflow. Warnings are not errors, so do not worry about this.
The only way to ""fix"" the warnings is by waiting for tensorflow developers to modify the code in order to not use deprecated functionality.
"
176,Model,directive,"placeholder errors are usually due to tensorflow versions. I had the exact same error and it was fixed when I installed keras first and then tensorflow first. Using anaconda might help as they cache all the files when you uninstall so it is easy to install again without having to download the entire thing again.
There might be some other fix, I believe, but this fixed mine.
"
177,Model,directive,"Remove the ""experimental_steps_per_execution"" to see the true error message.
When you use experimental_steps_per_execution>1 a GPU loop is defined to optimize performance and not send back the data to the CPU, but this loop hides errors.
Fix the error first and then use experimental_steps_per_execution>1
Good luck ;D
"
178,Model,directive,"The ""in converted code"" is used when autograph wraps errors that likely occur in user code. In this case, the following like is relevant:

The error message is missing some critical information and we should fix it, but it suggests a call to features.pop(name) raises KeyError, so likely that key is missing from features.
"
179,Model,directive,"I have recreated the error caused because of possible ways and also have provided the fix. 
Have provided more comments in the code to be more clear about the error and fix. 
Note - I have used same code with little tweaks to recreate the possibility of cause of the errors and fix for the same.
The best fix code is present at the end of this answer.
Error Code 1 - Error with default session and using variable created in another graph

Output -

Error Code 2 - Error with graph session as default and using variable created in default graph

Output -

Error Code 3 - As suggested in Error Code 2 - output, to Pass an explicit session to eval(session=sess). Lets try this.

Output -

Fix 1 - Fix with default session and variable not assigned to any graph

Output - 

Fix 2 - The best fix is to cleanly separate the construction phase and the execution phase.

Output -

"
180,Model,pattern,"You can't pass a Kotlin Mutable list to inputBuffer.loadArray()
It needs to be one Array. The quickest fix is to pass the images one by one in a loop. I also suggest you look into ImageProcessor to prepare your input, it will help you avoid further bugs. I don't know what the format of the image is and what the output is supposed to be but assuming it's a bitmap:

@RequiresApi(Build.VERSION_CODES.P)
fun getCount(interpreter:Interpreter): Int {


"
181,Model,pattern,"What worked for me was to specify batch size to the Input layer, like this:

This then carried through the rest of the layers.
The bad news is that despite this ""fix"" the tfl runtime still complains about dynamic tensors. I get these non-fatal errors in logcat when it runs:

The good news is that despite these errors it seems to be using the GPU anyway, based on performance testing.
I'm using:

Hopefully, they'll fix the runtime so it doesn't matter whether the batch size is 'None'. It shouldn't matter for doing inference.
"
182,Model,pattern,"2022 update of @Yustina Ivanova's answer:
Most people will encounter errors such as (one of the following):

The reason is compatibility with tf2. Assuming a keras backend, this would be the fix:

"
183,Model,pattern,"If you are targeting mobile, check the integration with “native” code. E.g. look for a java/kotlin library that can do the same on android. And a swift/objC one for iOS.
Then, you could wrap that functionality  in a platform-specific module.
"
184,Model,pattern,"Generally, that's indicative of the java or java-library plugin missing, or the kotlin equivalent. Do you have anything like that appearing in your gradle file?
If not, try adding the following block above your dependencies, selecting either the java or the kotlin line, depending on your development language.

Furthermore, given the latest information you've provided, the issue, I believe, comes from this line:

As far as I am aware, buildscript dependencies are only useful for gradle plugins, not code dependencies. Furthermore, inside the dependencies block under buildscript, you can only add the plugins to the classpath, which you'll then apply using apply.
However, getting back to the issue at hand, try the following changes to the file:

"
185,Model,pattern,"These are not error messages, but warnings about deprecated functionality in numpy, which is being used by tensorboard and tensorflow. Warnings are not errors, so do not worry about this.
The only way to ""fix"" the warnings is by waiting for tensorflow developers to modify the code in order to not use deprecated functionality.
"
186,Model,pattern,"placeholder errors are usually due to tensorflow versions. I had the exact same error and it was fixed when I installed keras first and then tensorflow first. Using anaconda might help as they cache all the files when you uninstall so it is easy to install again without having to download the entire thing again.
There might be some other fix, I believe, but this fixed mine.
"
187,Model,pattern,"Remove the ""experimental_steps_per_execution"" to see the true error message.
When you use experimental_steps_per_execution>1 a GPU loop is defined to optimize performance and not send back the data to the CPU, but this loop hides errors.
Fix the error first and then use experimental_steps_per_execution>1
Good luck ;D
"
188,Model,pattern,"The ""in converted code"" is used when autograph wraps errors that likely occur in user code. In this case, the following like is relevant:

The error message is missing some critical information and we should fix it, but it suggests a call to features.pop(name) raises KeyError, so likely that key is missing from features.
"
189,Model,pattern,"I have recreated the error caused because of possible ways and also have provided the fix. 
Have provided more comments in the code to be more clear about the error and fix. 
Note - I have used same code with little tweaks to recreate the possibility of cause of the errors and fix for the same.
The best fix code is present at the end of this answer.
Error Code 1 - Error with default session and using variable created in another graph

Output -

Error Code 2 - Error with graph session as default and using variable created in default graph

Output -

Error Code 3 - As suggested in Error Code 2 - output, to Pass an explicit session to eval(session=sess). Lets try this.

Output -

Fix 1 - Fix with default session and variable not assigned to any graph

Output - 

Fix 2 - The best fix is to cleanly separate the construction phase and the execution phase.

Output -

"
190,Model,environment,"You can't pass a Kotlin Mutable list to inputBuffer.loadArray()
It needs to be one Array. The quickest fix is to pass the images one by one in a loop. I also suggest you look into ImageProcessor to prepare your input, it will help you avoid further bugs. I don't know what the format of the image is and what the output is supposed to be but assuming it's a bitmap:

@RequiresApi(Build.VERSION_CODES.P)
fun getCount(interpreter:Interpreter): Int {


"
191,Model,environment,"What worked for me was to specify batch size to the Input layer, like this:

This then carried through the rest of the layers.
The bad news is that despite this ""fix"" the tfl runtime still complains about dynamic tensors. I get these non-fatal errors in logcat when it runs:

The good news is that despite these errors it seems to be using the GPU anyway, based on performance testing.
I'm using:

Hopefully, they'll fix the runtime so it doesn't matter whether the batch size is 'None'. It shouldn't matter for doing inference.
"
192,Model,environment,"2022 update of @Yustina Ivanova's answer:
Most people will encounter errors such as (one of the following):

The reason is compatibility with tf2. Assuming a keras backend, this would be the fix:

"
193,Model,environment,"If you are targeting mobile, check the integration with “native” code. E.g. look for a java/kotlin library that can do the same on android. And a swift/objC one for iOS.
Then, you could wrap that functionality  in a platform-specific module.
"
194,Model,environment,"Generally, that's indicative of the java or java-library plugin missing, or the kotlin equivalent. Do you have anything like that appearing in your gradle file?
If not, try adding the following block above your dependencies, selecting either the java or the kotlin line, depending on your development language.

Furthermore, given the latest information you've provided, the issue, I believe, comes from this line:

As far as I am aware, buildscript dependencies are only useful for gradle plugins, not code dependencies. Furthermore, inside the dependencies block under buildscript, you can only add the plugins to the classpath, which you'll then apply using apply.
However, getting back to the issue at hand, try the following changes to the file:

"
195,Model,environment,"These are not error messages, but warnings about deprecated functionality in numpy, which is being used by tensorboard and tensorflow. Warnings are not errors, so do not worry about this.
The only way to ""fix"" the warnings is by waiting for tensorflow developers to modify the code in order to not use deprecated functionality.
"
196,Model,environment,"placeholder errors are usually due to tensorflow versions. I had the exact same error and it was fixed when I installed keras first and then tensorflow first. Using anaconda might help as they cache all the files when you uninstall so it is easy to install again without having to download the entire thing again.
There might be some other fix, I believe, but this fixed mine.
"
197,Model,environment,"Remove the ""experimental_steps_per_execution"" to see the true error message.
When you use experimental_steps_per_execution>1 a GPU loop is defined to optimize performance and not send back the data to the CPU, but this loop hides errors.
Fix the error first and then use experimental_steps_per_execution>1
Good luck ;D
"
198,Model,environment,"The ""in converted code"" is used when autograph wraps errors that likely occur in user code. In this case, the following like is relevant:

The error message is missing some critical information and we should fix it, but it suggests a call to features.pop(name) raises KeyError, so likely that key is missing from features.
"
199,Model,environment,"I have recreated the error caused because of possible ways and also have provided the fix. 
Have provided more comments in the code to be more clear about the error and fix. 
Note - I have used same code with little tweaks to recreate the possibility of cause of the errors and fix for the same.
The best fix code is present at the end of this answer.
Error Code 1 - Error with default session and using variable created in another graph

Output -

Error Code 2 - Error with graph session as default and using variable created in default graph

Output -

Error Code 3 - As suggested in Error Code 2 - output, to Pass an explicit session to eval(session=sess). Lets try this.

Output -

Fix 1 - Fix with default session and variable not assigned to any graph

Output - 

Fix 2 - The best fix is to cleanly separate the construction phase and the execution phase.

Output -

"
200,Model,alternative,"You can't pass a Kotlin Mutable list to inputBuffer.loadArray()
It needs to be one Array. The quickest fix is to pass the images one by one in a loop. I also suggest you look into ImageProcessor to prepare your input, it will help you avoid further bugs. I don't know what the format of the image is and what the output is supposed to be but assuming it's a bitmap:

@RequiresApi(Build.VERSION_CODES.P)
fun getCount(interpreter:Interpreter): Int {


"
201,Model,alternative,"What worked for me was to specify batch size to the Input layer, like this:

This then carried through the rest of the layers.
The bad news is that despite this ""fix"" the tfl runtime still complains about dynamic tensors. I get these non-fatal errors in logcat when it runs:

The good news is that despite these errors it seems to be using the GPU anyway, based on performance testing.
I'm using:

Hopefully, they'll fix the runtime so it doesn't matter whether the batch size is 'None'. It shouldn't matter for doing inference.
"
202,Model,alternative,"2022 update of @Yustina Ivanova's answer:
Most people will encounter errors such as (one of the following):

The reason is compatibility with tf2. Assuming a keras backend, this would be the fix:

"
203,Model,alternative,"If you are targeting mobile, check the integration with “native” code. E.g. look for a java/kotlin library that can do the same on android. And a swift/objC one for iOS.
Then, you could wrap that functionality  in a platform-specific module.
"
204,Model,alternative,"Generally, that's indicative of the java or java-library plugin missing, or the kotlin equivalent. Do you have anything like that appearing in your gradle file?
If not, try adding the following block above your dependencies, selecting either the java or the kotlin line, depending on your development language.

Furthermore, given the latest information you've provided, the issue, I believe, comes from this line:

As far as I am aware, buildscript dependencies are only useful for gradle plugins, not code dependencies. Furthermore, inside the dependencies block under buildscript, you can only add the plugins to the classpath, which you'll then apply using apply.
However, getting back to the issue at hand, try the following changes to the file:

"
205,Model,alternative,"These are not error messages, but warnings about deprecated functionality in numpy, which is being used by tensorboard and tensorflow. Warnings are not errors, so do not worry about this.
The only way to ""fix"" the warnings is by waiting for tensorflow developers to modify the code in order to not use deprecated functionality.
"
206,Model,alternative,"placeholder errors are usually due to tensorflow versions. I had the exact same error and it was fixed when I installed keras first and then tensorflow first. Using anaconda might help as they cache all the files when you uninstall so it is easy to install again without having to download the entire thing again.
There might be some other fix, I believe, but this fixed mine.
"
207,Model,alternative,"Remove the ""experimental_steps_per_execution"" to see the true error message.
When you use experimental_steps_per_execution>1 a GPU loop is defined to optimize performance and not send back the data to the CPU, but this loop hides errors.
Fix the error first and then use experimental_steps_per_execution>1
Good luck ;D
"
208,Model,alternative,"The ""in converted code"" is used when autograph wraps errors that likely occur in user code. In this case, the following like is relevant:

The error message is missing some critical information and we should fix it, but it suggests a call to features.pop(name) raises KeyError, so likely that key is missing from features.
"
209,Model,alternative,"I have recreated the error caused because of possible ways and also have provided the fix. 
Have provided more comments in the code to be more clear about the error and fix. 
Note - I have used same code with little tweaks to recreate the possibility of cause of the errors and fix for the same.
The best fix code is present at the end of this answer.
Error Code 1 - Error with default session and using variable created in another graph

Output -

Error Code 2 - Error with graph session as default and using variable created in default graph

Output -

Error Code 3 - As suggested in Error Code 2 - output, to Pass an explicit session to eval(session=sess). Lets try this.

Output -

Fix 1 - Fix with default session and variable not assigned to any graph

Output - 

Fix 2 - The best fix is to cleanly separate the construction phase and the execution phase.

Output -

"
